{
  "pose_0.png": [
    0.06482930764324482,
    0.013135151901233658,
    0.21613143417888667,
    0.6473518181022441,
    0.9516055540417657,
    0.03662563957482058,
    0.041789480376030065,
    0.1654334467350014,
    1.1219958500510143,
    1.1207109910300148,
    0.1838229243045966,
    1.3798695759224464,
    1.2417153498434481,
    0.7050423806129981,
    0.3063636083189217,
    -0.21722919735188795,
    0.9498756611154827,
    0.17495486311881833,
    1.0007418834345816,
    -0.14827405275813724,
    0.2755075735496424,
    -0.10666033807978222,
    -0.2855568774255791,
    0.13137482506310855
  ],
  "pose_1.png": [
    0.06458578764158442,
    0.012400615755143516,
    -0.0591668995853742,
    -0.07781708013377653,
    1.1393560897113402,
    0.8285605498733626,
    0.17228963514084325,
    0.31627391674873595,
    0.2690074570960871,
    0.22665152981198589,
    0.11507619807226593,
    0.7832939297145578,
    1.0296281906919067,
    0.11477614921537994,
    0.39765362140885635,
    -0.1075584300709503,
    0.9870999824018087,
    1.2126965842929875,
    1.371797020955544,
    -0.9543979582794587,
    0.6161485144765935,
    0.12113177250668082,
    0.4234610688943681,
    1.3200916113366075
  ],
  "pose_2.png": [
    0.06482917629406215,
    0.0147030654082279,
    0.16586449674433784,
    0.7298493134980469,
    1.1080821482035674,
    1.449781865806914,
    0.1827503952416724,
    1.1192131729641992,
    0.007994647180356727,
    0.7627961272069421,
    0.21935305454906487,
    -0.19537387175722132,
    0.4278979221248321,
    0.13660323391970092,
    0.4443721766426145,
    -0.20600690521242884,
    1.2599714600070142,
    1.0398114783739465,
    0.14427323007946405,
    0.49475643312373957,
    1.081456230541525,
    0.02798661784166891,
    -0.4813765203811527,
    0.46131984662902353
  ],
  "pose_3.png": [
    0.06459295240003332,
    0.011972713027477292,
    -0.0762581464247629,
    1.1648972245708693,
    0.2572408797454725,
    0.1597030365338738,
    -0.20302005718499813,
    -0.06449010691402038,
    0.5365914199739419,
    0.13174575114378775,
    0.22097676862421853,
    0.18833423854275197,
    0.12726175243279247,
    1.0985551259516035,
    0.3416850390883957,
    0.0748225786261185,
    1.1039188296712705,
    0.11066629298954186,
    0.5554588024966279,
    -0.7962736699774045,
    0.5486359340214702,
    0.17906326583761423,
    -0.48766245963054694,
    0.8277803712326207
  ],
  "pose_4.png": [
    0.06482919939221277,
    0.014818519989159706,
    0.1730030430957127,
    0.4255891348175665,
    0.9959633690857079,
    0.891587168270876,
    0.27880203661680364,
    0.43313066867796624,
    0.02372307664000772,
    1.239891756610127,
    0.15683512906843572,
    0.8370591071756345,
    0.37784610233595733,
    0.9575261023240602,
    0.714972881221662,
    -0.11048243192561376,
    1.3453633784028334,
    0.4132090567113951,
    0.2890853564719072,
    0.9326981931340458,
    0.7831188442902577,
    -0.03867090719219689,
    -0.14504526718150382,
    0.4997895778493821
  ],
  "pose_5.png": [
    0.06482903918335395,
    0.01403457869976193,
    -0.33269780425893974,
    0.6963180070148665,
    0.954608584378211,
    0.42518402174222536,
    0.1689207238147072,
    1.3719283697568132,
    1.4571480554375886,
    0.05832998458296292,
    -0.12328733651735065,
    0.6517709450525275,
    1.167207395069261,
    0.3453549049994523,
    0.5122552356306125,
    -0.07360185576986211,
    -0.24780156191052388,
    0.567388151654386,
    0.6747325260370107,
    0.761011724367661,
    0.9088062812945886,
    0.01225926217539042,
    0.3391092506351353,
    -0.018339941681220943
  ],
  "pose_6.png": [
    0.0646066663007396,
    0.015422983312178055,
    0.031848239310850165,
    1.1202372400291223,
    0.6186082225846026,
    0.041330710224943924,
    -0.06519122227693877,
    0.4626156006725258,
    0.4683744908271297,
    0.06639702877298516,
    -0.023405198679917694,
    0.29111833203119303,
    1.3357197174230304,
    1.0070008017240424,
    0.2068894605792956,
    0.261436902022426,
    1.2074658398317113,
    0.4741793301706126,
    0.83569107138979,
    0.12343055819757855,
    0.7768881249695005,
    0.18304464606724263,
    -0.3718605564305929,
    1.0530005826864497
  ],
  "pose_7.png": [
    0.06482939997767574,
    0.010980993449987292,
    -0.0310067379163211,
    -0.13688708158412638,
    0.5144389952970908,
    0.36947761909854626,
    -0.15861603822204878,
    0.5215957344984391,
    0.7077167463696046,
    0.7118962682738149,
    0.08947636852722467,
    0.40093751840238123,
    0.2253157471896579,
    0.207290564203542,
    0.5554172557268737,
    -0.2020811215874127,
    0.08658431630990518,
    0.06119026031005228,
    0.20705958774324829,
    -0.15523942890659764,
    0.4992105421364193,
    -0.010885843669135349,
    0.3211991949358864,
    -0.2327556749474227
  ],
  "pose_8.png": [
    0.06482934687793271,
    0.010664227625324419,
    0.058930615114435106,
    -0.007180315050337055,
    0.5227570555264959,
    0.4150658092138617,
    -0.19227631462348144,
    1.1858760278653193,
    0.2436048827910113,
    0.5014853161226256,
    0.07452119401971583,
    0.6676477135840367,
    1.0239977163511296,
    0.022378385099023883,
    0.17982717382938443,
    -0.004528557818561467,
    0.2831326807670914,
    1.0597351905867711,
    0.19633838054301445,
    0.4842540953077539,
    0.16905729865612423,
    -0.18655569514763568,
    -0.5510761993491066,
    1.303837557045983
  ],
  "pose_9.png": [
    0.06459688774286085,
    0.011583744661003068,
    -0.01899123219080949,
    0.9340358176436706,
    0.26954128731892796,
    1.0232599205502126,
    -0.20228188610731074,
    1.353353100747242,
    1.2243933820410904,
    0.7203666596902492,
    0.2406431007670304,
    -0.11959375534027401,
    0.20379630723909353,
    0.1983398085656744,
    0.04582703467087952,
    0.04416563699454658,
    0.45084663729413876,
    1.2029063005997247,
    1.1391737821433425,
    -0.5977997760159701,
    0.647471458128699,
    0.03427342460275519,
    0.3752559187534938,
    0.6849462034334766
  ]
}